<?xml version="1.0" encoding="utf-8"?>
<ns4:ExtractValidReferenceDataRespMsg xsi:schemaLocation="" xmlns:ns0="http://xmlns.ec.eu/BusinessObjects/CSRD2/ReferenceDataExportBASServiceType/V3" xmlns:ns1="http://xmlns.ec.eu/BusinessObjects/CSRD2/MessageHeaderType/V2" xmlns:ns2="http://xmlns.ec.eu/BusinessObjects/CSRD2/ExportType/V3" xmlns:ns3="http://xmlns.ec.eu/BusinessObjects/CSRD2/StatementsType/V2" xmlns:ns5="http://xmlns.ec.eu/BusinessObjects/CSRD2/OperationType/V3" xmlns:ns6="http://xmlns.ec.eu/BusinessObjects/CSRD2/ExtractType/V3" xmlns:ns8="http://xmlns.ec.eu/BusinessObjects/CSRD2/ExportingEntitiesType/V3" xmlns:ns10="http://xmlns.ec.eu/BusinessObjects/CSRD2/RDEntityFilterPairType/V2" xmlns:ns12="http://xmlns.ec.eu/BusinessObjects/CSRD2/FilterRefType/V2" xmlns:ns14="http://xmlns.ec.eu/BusinessObjects/CSRD2/RetrieveType/V3" xmlns:ns15="http://xmlns.ec.eu/BusinessObjects/CSRD2/SynchronisationExtractType/V3" xmlns:ns16="http://xmlns.ec.eu/BusinessObjects/CSRD2/LanguageDescriptionsType/V2" xmlns:ns18="http://xmlns.ec.eu/BusinessObjects/CSRD2/RDEntityEntryListType/V3" xmlns:ns19="http://xmlns.ec.eu/BusinessObjects/CSRD2/RDEntityType/V3" xmlns:ns20="http://xmlns.ec.eu/BusinessObjects/CSRD2/RDEntryType/V3" xmlns:ns21="http://xmlns.ec.eu/BusinessObjects/CSRD2/RDStatusType/V3" xmlns:ns22="http://xmlns.ec.eu/BusinessObjects/CSRD2/RDValidityPeriodType/V2" xmlns:ns23="http://xmlns.ec.eu/BusinessObjects/CSRD2/LsdListType/V2" xmlns:ns4="http://xmlns.ec.eu/BusinessActivityService/CSRD2/IReferenceDataExportBAS/V3" xmlns:xsi="http://www.w3.org/2001/XMLSchema-instance">
   <ns0:MessageHeader>
      <ns1:AddressingInformation>
         <ns1:messageID>489f1c6c-b4fa-4fab-be42-42f9fab3d80b</ns1:messageID>
         <ns1:relatesTo>7a32e355-d37b-447c-ac72-c28ab81dae58</ns1:relatesTo>
         <ns1:attribute name="Event.MessageChannel">WEB</ns1:attribute>
      </ns1:AddressingInformation>
      <ns1:RequestInformation>
         <ns0:ExtractValidReferenceDataReqMsg>
            <ns0:MessageHeader>
               <ns1:AddressingInformation>
                  <ns1:messageID>7a32e355-d37b-447c-ac72-c28ab81dae58</ns1:messageID>
                  <ns1:attribute name="Event.MessageChannel">WEB</ns1:attribute>
               </ns1:AddressingInformation>
               <ns1:AdditionalInformation>
                  <ns1:attribute name="Event.CountryCodes"></ns1:attribute>
               </ns1:AdditionalInformation>
            </ns0:MessageHeader>
            <ns0:ExportType>
               <ns2:Operation>
                  <ns5:Extract>
                     <ns6:SnapshotDate value="2022-04-05"/>
                     <ns6:ExportingEntities>
                        <ns8:RDView name="NCTS-P5"/>
                        <ns8:RDEntityList>
                           <ns8:RDEntity>
                              <ns10:RDEntityName name="MessageWithCorrelationIdentifier"/>
                           </ns8:RDEntity>
                        </ns8:RDEntityList>
                     </ns6:ExportingEntities>
                  </ns5:Extract>
               </ns2:Operation>
               <ns2:SelectedLanguageDescriptions>
                  <ns16:Language code="en"/>
                  <ns16:Language code="en"/>
               </ns2:SelectedLanguageDescriptions>
            </ns0:ExportType>
         </ns0:ExtractValidReferenceDataReqMsg>
      </ns1:RequestInformation>
      <ns1:AdditionalInformation>
         <ns1:attribute name="Event.CountryCodes"></ns1:attribute>
      </ns1:AdditionalInformation>
   </ns0:MessageHeader>
   <ns0:RDEntityList>
      <ns18:RDEntity name="MessageWithCorrelationIdentifier">
         <ns19:RDEntry>
            <ns20:RDEntryStatus>
               <ns21:state>valid</ns21:state>
               <ns21:activeFrom>2022-01-11</ns21:activeFrom>
               <ns21:changeJustification>IM483816</ns21:changeJustification>
            </ns20:RDEntryStatus>
            <ns20:dataItem name="MessageTypesCode">CD003C</ns20:dataItem>
            <ns20:LsdList>
               <ns23:description lang="en">AAR Response [C_AAR_RSP]</ns23:description>
               <ns23:description lang="en">AAR Response [C_AAR_RSP]</ns23:description>
            </ns20:LsdList>
         </ns19:RDEntry>
         <ns19:RDEntry>
            <ns20:RDEntryStatus>
               <ns21:state>valid</ns21:state>
               <ns21:activeFrom>2022-01-11</ns21:activeFrom>
               <ns21:changeJustification>IM483816</ns21:changeJustification>
            </ns20:RDEntryStatus>
            <ns20:dataItem name="MessageTypesCode">CD038C</ns20:dataItem>
            <ns20:LsdList>
               <ns23:description lang="en">Response to Movement Query [C_MVT_RSP]</ns23:description>
               <ns23:description lang="en">Response to Movement Query [C_MVT_RSP]</ns23:description>
            </ns20:LsdList>
         </ns19:RDEntry>
         <ns19:RDEntry>
            <ns20:RDEntryStatus>
               <ns21:state>valid</ns21:state>
               <ns21:activeFrom>2022-01-11</ns21:activeFrom>
               <ns21:changeJustification>IM483816</ns21:changeJustification>
            </ns20:RDEntryStatus>
            <ns20:dataItem name="MessageTypesCode">CD059C</ns20:dataItem>
            <ns20:LsdList>
               <ns23:description lang="en">Cancel Enquiry Notification [C_CAN_ENQ]</ns23:description>
               <ns23:description lang="en">Cancel Enquiry Notification [C_CAN_ENQ]</ns23:description>
            </ns20:LsdList>
         </ns19:RDEntry>
         <ns19:RDEntry>
            <ns20:RDEntryStatus>
               <ns21:state>valid</ns21:state>
               <ns21:activeFrom>2022-01-11</ns21:activeFrom>
               <ns21:changeJustification>IM483816</ns21:changeJustification>
            </ns20:RDEntryStatus>
            <ns20:dataItem name="MessageTypesCode">CD095C</ns20:dataItem>
            <ns20:LsdList>
               <ns23:description lang="en">Status Response [C_STD_RSP]</ns23:description>
               <ns23:description lang="en">Status Response [C_STD_RSP]</ns23:description>
            </ns20:LsdList>
         </ns19:RDEntry>
         <ns19:RDEntry>
            <ns20:RDEntryStatus>
               <ns21:state>valid</ns21:state>
               <ns21:activeFrom>2022-01-11</ns21:activeFrom>
               <ns21:changeJustification>IM483816</ns21:changeJustification>
            </ns20:RDEntryStatus>
            <ns20:dataItem name="MessageTypesCode">CD115C</ns20:dataItem>
            <ns20:LsdList>
               <ns23:description lang="en">ATR Response [C_ATR_RSP]</ns23:description>
               <ns23:description lang="en">ATR Response [C_ATR_RSP]</ns23:description>
            </ns20:LsdList>
         </ns19:RDEntry>
         <ns19:RDEntry>
            <ns20:RDEntryStatus>
               <ns21:state>valid</ns21:state>
               <ns21:activeFrom>2022-01-11</ns21:activeFrom>
               <ns21:changeJustification>IM483816</ns21:changeJustification>
            </ns20:RDEntryStatus>
            <ns20:dataItem name="MessageTypesCode">CD143C</ns20:dataItem>
            <ns20:LsdList>
               <ns23:description lang="en">Enquiry Response [C_ENQ_NEG]</ns23:description>
               <ns23:description lang="en">Enquiry Response [C_ENQ_NEG]</ns23:description>
            </ns20:LsdList>
         </ns19:RDEntry>
         <ns19:RDEntry>
            <ns20:RDEntryStatus>
               <ns21:state>valid</ns21:state>
               <ns21:activeFrom>2022-01-11</ns21:activeFrom>
               <ns21:changeJustification>IM483816</ns21:changeJustification>
            </ns20:RDEntryStatus>
            <ns20:dataItem name="MessageTypesCode">CD151C</ns20:dataItem>
            <ns20:LsdList>
               <ns23:description lang="en">Recovery Acceptance Notification [C_REC_ACC]</ns23:description>
               <ns23:description lang="en">Recovery Acceptance Notification [C_REC_ACC]</ns23:description>
            </ns20:LsdList>
         </ns19:RDEntry>
         <ns19:RDEntry>
            <ns20:RDEntryStatus>
               <ns21:state>valid</ns21:state>
               <ns21:activeFrom>2022-01-11</ns21:activeFrom>
               <ns21:changeJustification>IM483816</ns21:changeJustification>
            </ns20:RDEntryStatus>
            <ns20:dataItem name="MessageTypesCode">CD152C</ns20:dataItem>
            <ns20:LsdList>
               <ns23:description lang="en">Recovery Dispatch Notification [C_REC_DIS]</ns23:description>
               <ns23:description lang="en">Recovery Dispatch Notification [C_REC_DIS]</ns23:description>
            </ns20:LsdList>
         </ns19:RDEntry>
         <ns19:RDEntry>
            <ns20:RDEntryStatus>
               <ns21:state>valid</ns21:state>
               <ns21:activeFrom>2022-01-11</ns21:activeFrom>
               <ns21:changeJustification>IM483816</ns21:changeJustification>
            </ns20:RDEntryStatus>
            <ns20:dataItem name="MessageTypesCode">CD165C</ns20:dataItem>
            <ns20:LsdList>
               <ns23:description lang="en">Anticipated Exit for Transit Record Response [C_AXR_RSP]</ns23:description>
               <ns23:description lang="en">Anticipated Exit for Transit Record Response [C_AXR_RSP]</ns23:description>
            </ns20:LsdList>
         </ns19:RDEntry>
         <ns19:RDEntry>
            <ns20:RDEntryStatus>
               <ns21:state>valid</ns21:state>
               <ns21:activeFrom>2022-01-11</ns21:activeFrom>
               <ns21:changeJustification>IM483816</ns21:changeJustification>
            </ns20:RDEntryStatus>
            <ns20:dataItem name="MessageTypesCode">CD181C</ns20:dataItem>
            <ns20:LsdList>
               <ns23:description lang="en">Forwarded Incident Notification to CD [C_FWD_INC]</ns23:description>
               <ns23:description lang="en">Forwarded Incident Notification to CD [C_FWD_INC]</ns23:description>
            </ns20:LsdList>
         </ns19:RDEntry>
         <ns19:RDEntry>
            <ns20:RDEntryStatus>
               <ns21:state>valid</ns21:state>
               <ns21:activeFrom>2022-01-11</ns21:activeFrom>
               <ns21:changeJustification>IM483816</ns21:changeJustification>
            </ns20:RDEntryStatus>
            <ns20:dataItem name="MessageTypesCode">CD201C</ns20:dataItem>
            <ns20:LsdList>
               <ns23:description lang="en">Guarantee Check Result [C_GUA_RES]</ns23:description>
               <ns23:description lang="en">Guarantee Check Result [C_GUA_RES]</ns23:description>
            </ns20:LsdList>
         </ns19:RDEntry>
         <ns19:RDEntry>
            <ns20:RDEntryStatus>
               <ns21:state>valid</ns21:state>
               <ns21:activeFrom>2022-01-11</ns21:activeFrom>
               <ns21:changeJustification>IM483816</ns21:changeJustification>
            </ns20:RDEntryStatus>
            <ns20:dataItem name="MessageTypesCode">CD205C</ns20:dataItem>
            <ns20:LsdList>
               <ns23:description lang="en">Guarantee Use Result [C_GUA_USR]</ns23:description>
               <ns23:description lang="en">Guarantee Use Result [C_GUA_USR]</ns23:description>
            </ns20:LsdList>
         </ns19:RDEntry>
         <ns19:RDEntry>
            <ns20:RDEntryStatus>
               <ns21:state>valid</ns21:state>
               <ns21:activeFrom>2021-12-21</ns21:activeFrom>
               <ns21:changeJustification>IM480547</ns21:changeJustification>
            </ns20:RDEntryStatus>
            <ns20:dataItem name="MessageTypesCode">CD903D</ns20:dataItem>
            <ns20:LsdList>
               <ns23:description lang="en">Warning Message (C_MSG_WRN)</ns23:description>
               <ns23:description lang="en">Warning Message (C_MSG_WRN)</ns23:description>
            </ns20:LsdList>
         </ns19:RDEntry>
         <ns19:RDEntry>
            <ns20:RDEntryStatus>
               <ns21:state>valid</ns21:state>
               <ns21:activeFrom>2021-12-21</ns21:activeFrom>
               <ns21:changeJustification>IM480547</ns21:changeJustification>
            </ns20:RDEntryStatus>
            <ns20:dataItem name="MessageTypesCode">CD906C</ns20:dataItem>
            <ns20:LsdList>
               <ns23:description lang="en">Functional NACK [C_FUN_NCK]</ns23:description>
               <ns23:description lang="en">Functional NACK [C_FUN_NCK]</ns23:description>
            </ns20:LsdList>
         </ns19:RDEntry>
         <ns19:RDEntry>
            <ns20:RDEntryStatus>
               <ns21:state>valid</ns21:state>
               <ns21:activeFrom>2021-12-21</ns21:activeFrom>
               <ns21:changeJustification>IM480547</ns21:changeJustification>
            </ns20:RDEntryStatus>
            <ns20:dataItem name="MessageTypesCode">CD917C</ns20:dataItem>
            <ns20:LsdList>
               <ns23:description lang="en">XML NACK [C_XML_NCK]</ns23:description>
               <ns23:description lang="en">XML NACK [C_XML_NCK]</ns23:description>
            </ns20:LsdList>
         </ns19:RDEntry>
      </ns18:RDEntity>
   </ns0:RDEntityList>
</ns4:ExtractValidReferenceDataRespMsg>
