<?xml version="1.0" encoding="utf-8"?>
<ns4:ExtractValidReferenceDataRespMsg xsi:schemaLocation="" xmlns:ns0="http://xmlns.ec.eu/BusinessObjects/CSRD2/ReferenceDataExportBASServiceType/V3" xmlns:ns1="http://xmlns.ec.eu/BusinessObjects/CSRD2/MessageHeaderType/V2" xmlns:ns18="http://xmlns.ec.eu/BusinessObjects/CSRD2/RDEntityEntryListType/V3" xmlns:ns19="http://xmlns.ec.eu/BusinessObjects/CSRD2/RDEntityType/V3" xmlns:ns20="http://xmlns.ec.eu/BusinessObjects/CSRD2/RDEntryType/V3" xmlns:ns21="http://xmlns.ec.eu/BusinessObjects/CSRD2/RDStatusType/V3" xmlns:ns22="http://xmlns.ec.eu/BusinessObjects/CSRD2/RDValidityPeriodType/V2" xmlns:ns23="http://xmlns.ec.eu/BusinessObjects/CSRD2/LsdListType/V2" xmlns:ns2="http://xmlns.ec.eu/BusinessObjects/CSRD2/ExportType/V3" xmlns:ns3="http://xmlns.ec.eu/BusinessObjects/CSRD2/StatementsType/V2" xmlns:ns5="http://xmlns.ec.eu/BusinessObjects/CSRD2/OperationType/V3" xmlns:ns6="http://xmlns.ec.eu/BusinessObjects/CSRD2/ExtractType/V3" xmlns:ns8="http://xmlns.ec.eu/BusinessObjects/CSRD2/ExportingEntitiesType/V3" xmlns:ns10="http://xmlns.ec.eu/BusinessObjects/CSRD2/RDEntityFilterPairType/V2" xmlns:ns12="http://xmlns.ec.eu/BusinessObjects/CSRD2/FilterRefType/V2" xmlns:ns14="http://xmlns.ec.eu/BusinessObjects/CSRD2/RetrieveType/V3" xmlns:ns15="http://xmlns.ec.eu/BusinessObjects/CSRD2/SynchronisationExtractType/V3" xmlns:ns16="http://xmlns.ec.eu/BusinessObjects/CSRD2/LanguageDescriptionsType/V2" xmlns:ns4="http://xmlns.ec.eu/BusinessActivityService/CSRD2/IReferenceDataExportBAS/V3" xmlns:xsi="http://www.w3.org/2001/XMLSchema-instance">
   <ns0:MessageHeader>
      <ns1:AddressingInformation>
         <ns1:messageID>116d17e5-6619-4292-9812-40d9c85027ee</ns1:messageID>
         <ns1:relatesTo>2b3cfa9a-1b88-4cd4-ba23-857e57e4d4a9</ns1:relatesTo>
         <ns1:attribute name="Event.MessageChannel">WEB</ns1:attribute>
      </ns1:AddressingInformation>
      <ns1:RequestInformation>
         <ns0:ExtractValidReferenceDataReqMsg>
            <ns0:MessageHeader>
               <ns1:AddressingInformation>
                  <ns1:messageID>2b3cfa9a-1b88-4cd4-ba23-857e57e4d4a9</ns1:messageID>
                  <ns1:attribute name="Event.MessageChannel">WEB</ns1:attribute>
               </ns1:AddressingInformation>
               <ns1:AdditionalInformation>
                  <ns1:attribute name="Event.CountryCodes"></ns1:attribute>
               </ns1:AdditionalInformation>
            </ns0:MessageHeader>
            <ns0:ExportType>
               <ns2:Operation>
                  <ns5:Extract>
                     <ns6:SnapshotDate value="2023-10-26"/>
                     <ns6:ExportingEntities>
                        <ns8:RDView name="NCTS-P5"/>
                        <ns8:RDEntityList>
                           <ns8:RDEntity>
                              <ns10:RDEntityName name="ControlResultCodeDepartureSimplifiedExcluded"/>
                           </ns8:RDEntity>
                        </ns8:RDEntityList>
                     </ns6:ExportingEntities>
                  </ns5:Extract>
               </ns2:Operation>
               <ns2:SelectedLanguageDescriptions>
                  <ns16:Language code="en"/>
               </ns2:SelectedLanguageDescriptions>
            </ns0:ExportType>
         </ns0:ExtractValidReferenceDataReqMsg>
      </ns1:RequestInformation>
      <ns1:AdditionalInformation>
         <ns1:attribute name="Event.CountryCodes"></ns1:attribute>
      </ns1:AdditionalInformation>
   </ns0:MessageHeader>
   <ns0:RDEntityList>
      <ns18:RDEntity name="ControlResultCodeDepartureSimplifiedExcluded">
         <ns19:RDEntry>
            <ns20:RDEntryStatus>
               <ns21:state>valid</ns21:state>
               <ns21:activeFrom>2022-09-30</ns21:activeFrom>
               <ns21:changeJustification>IM539104 (adding translation in Ukrainian)</ns21:changeJustification>
            </ns20:RDEntryStatus>
            <ns20:dataItem name="ControlResultCode">A1</ns20:dataItem>
            <ns20:LsdList>
               <ns23:description lang="en">Satisfactory</ns23:description>
            </ns20:LsdList>
         </ns19:RDEntry>
         <ns19:RDEntry>
            <ns20:RDEntryStatus>
               <ns21:state>valid</ns21:state>
               <ns21:activeFrom>2022-09-30</ns21:activeFrom>
               <ns21:changeJustification>IM539104(adding translation in Ukrainian)</ns21:changeJustification>
            </ns20:RDEntryStatus>
            <ns20:dataItem name="ControlResultCode">A2</ns20:dataItem>
            <ns20:LsdList>
               <ns23:description lang="en">Considered satisfactory</ns23:description>
            </ns20:LsdList>
         </ns19:RDEntry>
      </ns18:RDEntity>
   </ns0:RDEntityList>
</ns4:ExtractValidReferenceDataRespMsg>
