<?xml version="1.0" encoding="utf-8"?>
<ns4:RetrieveReferenceDataRespMsg xsi:schemaLocation="" xmlns:ns0="http://xmlns.ec.eu/BusinessObjects/CSRD2/ReferenceDataExportBASServiceType/V3" xmlns:ns1="http://xmlns.ec.eu/BusinessObjects/CSRD2/MessageHeaderType/V2" xmlns:ns2="http://xmlns.ec.eu/BusinessObjects/CSRD2/ExportType/V3" xmlns:ns3="http://xmlns.ec.eu/BusinessObjects/CSRD2/StatementsType/V2" xmlns:ns5="http://xmlns.ec.eu/BusinessObjects/CSRD2/OperationType/V3" xmlns:ns6="http://xmlns.ec.eu/BusinessObjects/CSRD2/ExtractType/V3" xmlns:ns8="http://xmlns.ec.eu/BusinessObjects/CSRD2/ExportingEntitiesType/V3" xmlns:ns10="http://xmlns.ec.eu/BusinessObjects/CSRD2/RDEntityFilterPairType/V2" xmlns:ns12="http://xmlns.ec.eu/BusinessObjects/CSRD2/FilterRefType/V2" xmlns:ns14="http://xmlns.ec.eu/BusinessObjects/CSRD2/RetrieveType/V3" xmlns:ns15="http://xmlns.ec.eu/BusinessObjects/CSRD2/SynchronisationExtractType/V3" xmlns:ns16="http://xmlns.ec.eu/BusinessObjects/CSRD2/LanguageDescriptionsType/V2" xmlns:ns18="http://xmlns.ec.eu/BusinessObjects/CSRD2/RDEntityEntryListType/V3" xmlns:ns19="http://xmlns.ec.eu/BusinessObjects/CSRD2/RDEntityType/V3" xmlns:ns20="http://xmlns.ec.eu/BusinessObjects/CSRD2/RDEntryType/V3" xmlns:ns21="http://xmlns.ec.eu/BusinessObjects/CSRD2/RDStatusType/V3" xmlns:ns22="http://xmlns.ec.eu/BusinessObjects/CSRD2/RDValidityPeriodType/V2" xmlns:ns23="http://xmlns.ec.eu/BusinessObjects/CSRD2/LsdListType/V2" xmlns:ns4="http://xmlns.ec.eu/BusinessActivityService/CSRD2/IReferenceDataExportBAS/V3" xmlns:xsi="http://www.w3.org/2001/XMLSchema-instance">
   <ns0:MessageHeader>
      <ns1:AddressingInformation>
         <ns1:messageID>4c4d4b6c-aacb-47f0-981d-0b36dca03706</ns1:messageID>
         <ns1:relatesTo>aa7df7a5-d93f-40c9-aa10-407db22828fd</ns1:relatesTo>
         <ns1:attribute name="Event.MessageChannel">WEB</ns1:attribute>
      </ns1:AddressingInformation>
      <ns1:RequestInformation>
         <ns0:RetrieveReferenceDataReqMsg>
            <ns0:MessageHeader>
               <ns1:AddressingInformation>
                  <ns1:messageID>aa7df7a5-d93f-40c9-aa10-407db22828fd</ns1:messageID>
                  <ns1:attribute name="Event.MessageChannel">WEB</ns1:attribute>
               </ns1:AddressingInformation>
            </ns0:MessageHeader>
            <ns0:ExportType>
               <ns2:Operation>
                  <ns5:Retrieve>
                     <ns14:DateFrom value="2023-04-13"/>
                     <ns14:DateTo value="2023-04-13"/>
                     <ns14:ExportingEntities>
                        <ns8:RDView name="NCTS-P5"/>
                        <ns8:RDEntityList>
                           <ns8:RDEntity>
                              <ns10:RDEntityName name="CUSCode"/>
                           </ns8:RDEntity>
                        </ns8:RDEntityList>
                     </ns14:ExportingEntities>
                  </ns5:Retrieve>
               </ns2:Operation>
               <ns2:SelectedLanguageDescriptions>
                  <ns16:Language code="en"/>
               </ns2:SelectedLanguageDescriptions>
            </ns0:ExportType>
         </ns0:RetrieveReferenceDataReqMsg>
      </ns1:RequestInformation>
   </ns0:MessageHeader>
   <ns0:RDEntityList/>
</ns4:RetrieveReferenceDataRespMsg>
