<?xml version="1.0" encoding="utf-8"?>
<ns2:ExtractSearchReferenceDataRespMsg xsi:schemaLocation="" xmlns:ns0="http://xmlns.ec.eu/BusinessObjects/CSRD2/ReferenceDataExportBASServiceType/V3" xmlns:ns1="http://xmlns.ec.eu/BusinessObjects/CSRD2/MessageHeaderType/V2" xmlns:ns11="http://xmlns.ec.eu/BusinessObjects/CSRD2/RDEntityEntryListType/V3" xmlns:ns12="http://xmlns.ec.eu/BusinessObjects/CSRD2/RDEntityType/V3" xmlns:ns13="http://xmlns.ec.eu/BusinessObjects/CSRD2/RDEntryType/V3" xmlns:ns14="http://xmlns.ec.eu/BusinessObjects/CSRD2/RDStatusType/V3" xmlns:ns15="http://xmlns.ec.eu/BusinessObjects/CSRD2/RDValidityPeriodType/V2" xmlns:ns16="http://xmlns.ec.eu/BusinessObjects/CSRD2/LsdListType/V2" xmlns:ns3="http://xmlns.ec.eu/BusinessObjects/CSRD2/RDEntryAdvanceSearchType/V3" xmlns:ns4="http://xmlns.ec.eu/BusinessObjects/CSRD2/RDEntryAdvanceSearchCriterionListType/V3" xmlns:ns5="http://xmlns.ec.eu/BusinessObjects/CSRD2/RDEntryAdvanceSearchCriterionType/V3" xmlns:ns6="http://xmlns.ec.eu/BusinessObjects/CSRD2/RDBaseRestrictionType/V3" xmlns:ns10="http://xmlns.ec.eu/BusinessObjects/CSRD2/RDDescriptionType/V2" xmlns:ns2="http://xmlns.ec.eu/BusinessActivityService/CSRD2/IReferenceDataExportBAS/V3" xmlns:xsi="http://www.w3.org/2001/XMLSchema-instance">
   <ns0:RDEntityList>
      <ns11:RDEntity name="KindOfPackagesUnpacked">
         <ns12:RDEntry>
            <ns13:RDEntryStatus>
               <ns14:state>valid</ns14:state>
               <ns14:activeFrom>2022-09-30</ns14:activeFrom>
               <ns14:changeJustification>IM539104 (adding translation in Ukrainian)</ns14:changeJustification>
            </ns13:RDEntryStatus>
            <ns13:dataItem name="KindOfPackages">NE</ns13:dataItem>
            <ns13:LsdList>
               <ns16:description lang="bg">Неопаковано или непакетирано</ns16:description>
               <ns16:description lang="cs">Bez jakéhokoli obalu</ns16:description>
               <ns16:description lang="da">upakket</ns16:description>
               <ns16:description lang="de">Nicht verpackt oder nicht abgepackt</ns16:description>
               <ns16:description lang="el">Μη συσκευασμένο ούτε περιτυλιγμένο εμπόρευμα</ns16:description>
               <ns16:description lang="en">Unpacked or unpackaged</ns16:description>
               <ns16:description lang="es">Sin envasar o sin empaquetar</ns16:description>
               <ns16:description lang="et">Pakkimata või pakendamata</ns16:description>
               <ns16:description lang="fi">Pakkaamaton</ns16:description>
               <ns16:description lang="fr">Marchandises non emballées</ns16:description>
               <ns16:description lang="hr">Nezapakirano</ns16:description>
               <ns16:description lang="hu">Kicsomagolt vagy csomagolatlan</ns16:description>
               <ns16:description lang="is">Ópakkað eða ópakkanlegt</ns16:description>
               <ns16:description lang="it">Merce disimballata o non imballata</ns16:description>
               <ns16:description lang="lt">Nesupakuota</ns16:description>
               <ns16:description lang="lv">Neiepakots vai nefasēts</ns16:description>
               <ns16:description lang="mk">Неспакувано или распакувано</ns16:description>
               <ns16:description lang="nl">Niet verpakt</ns16:description>
               <ns16:description lang="no">Uemballert eller uinnpakket</ns16:description>
               <ns16:description lang="pl">Nieopakowane</ns16:description>
               <ns16:description lang="pt">Desempacotado ou desembalado</ns16:description>
               <ns16:description lang="ro">marfuri neambalate</ns16:description>
               <ns16:description lang="sk">Nebalené v obale alebo balíku</ns16:description>
               <ns16:description lang="sl">Nepakirano ali razpakirano</ns16:description>
               <ns16:description lang="sr">Neupakovano</ns16:description>
               <ns16:description lang="sv">Oförpackat</ns16:description>
               <ns16:description lang="tr">Kapsız veya ambalajlanmamış</ns16:description>
               <ns16:description lang="uk">Не пакований чи не розфасований</ns16:description>
            </ns13:LsdList>
         </ns12:RDEntry>
         <ns12:RDEntry>
            <ns13:RDEntryStatus>
               <ns14:state>valid</ns14:state>
               <ns14:activeFrom>2022-09-30</ns14:activeFrom>
               <ns14:changeJustification>IM539104(adding translation in Ukrainian)</ns14:changeJustification>
            </ns13:RDEntryStatus>
            <ns13:dataItem name="KindOfPackages">NF</ns13:dataItem>
            <ns13:LsdList>
               <ns16:description lang="bg">Неопаковано или непакетирано, еднородни</ns16:description>
               <ns16:description lang="cs">Bez jakéhokoli obalu, jedna jednotka</ns16:description>
               <ns16:description lang="da">upakket, enkelt enhed</ns16:description>
               <ns16:description lang="de">Nicht verpackt oder nicht abgepackt, eine Einheit</ns16:description>
               <ns16:description lang="el">Μη συσκευασμένο ούτε περιτυλιγμένο εμπόρευμα, μία μονάδα</ns16:description>
               <ns16:description lang="en">Unpacked or unpackaged, single unit</ns16:description>
               <ns16:description lang="es">No embalado ni acond unidad única</ns16:description>
               <ns16:description lang="et">Pakkimata või pakendamata, üks ühik</ns16:description>
               <ns16:description lang="fr">Non emballé ni conditionné, une seule unité</ns16:description>
               <ns16:description lang="hr">Nezapakirano, jedna jedinica</ns16:description>
               <ns16:description lang="hu">Kicsomagolt vagy csomagolatlan, egy egység</ns16:description>
               <ns16:description lang="lt">Nesupakuota, vienas daiktas</ns16:description>
               <ns16:description lang="lv">Neiepakots vai nefasēts, viena vienība</ns16:description>
               <ns16:description lang="mk">Неспакувано или распакувано, единечни единици</ns16:description>
               <ns16:description lang="nl">Niet verpakt, 1 item</ns16:description>
               <ns16:description lang="no">Uemballert eller uinnpakket, en enhet</ns16:description>
               <ns16:description lang="pt">Não embalado, nem condicionado, unidade única</ns16:description>
               <ns16:description lang="ro">marfa neambalata si neconditionata,</ns16:description>
               <ns16:description lang="sk">Nezabalené, neupravené, jediná jednotka</ns16:description>
               <ns16:description lang="sl">Nepakirano ali razpakirano, ena enota</ns16:description>
               <ns16:description lang="sr">Neupakovano, jedna jedinica</ns16:description>
               <ns16:description lang="tr">Kapsız veya ambalajlanmamış, tek birim</ns16:description>
               <ns16:description lang="uk">Не пакований чи не розфасований одиничний вантаж</ns16:description>
            </ns13:LsdList>
         </ns12:RDEntry>
         <ns12:RDEntry>
            <ns13:RDEntryStatus>
               <ns14:state>valid</ns14:state>
               <ns14:activeFrom>2022-09-30</ns14:activeFrom>
               <ns14:changeJustification>IM539104 (adding translation in Ukrainian)</ns14:changeJustification>
            </ns13:RDEntryStatus>
            <ns13:dataItem name="KindOfPackages">NG</ns13:dataItem>
            <ns13:LsdList>
               <ns16:description lang="bg">Неопаковано или непакетирано, нееднородни</ns16:description>
               <ns16:description lang="cs">Bez jakéhokoli obalu, více jednotek</ns16:description>
               <ns16:description lang="da">upakket, flere enheder</ns16:description>
               <ns16:description lang="de">Nicht verpackt oder nicht abgepackt, mehrere Einheiten</ns16:description>
               <ns16:description lang="el">Μη συσκευασμένο ούτε περιτυλιγμένο εμπόρευμα, πολλές μονάδες</ns16:description>
               <ns16:description lang="en">Unpacked or unpackaged, multiple units</ns16:description>
               <ns16:description lang="es">No emb ni acond varias unidades</ns16:description>
               <ns16:description lang="et">Pakkimata või pakendamata, mitu ühikut</ns16:description>
               <ns16:description lang="fr">Non emballé ni conditionné, plusieurs unités</ns16:description>
               <ns16:description lang="hr">Nezapakirano, više jedinica</ns16:description>
               <ns16:description lang="hu">Kicsomagolt vagy csomagolatlan, többszörös egység</ns16:description>
               <ns16:description lang="lt">Nesupakuota, daug daiktų</ns16:description>
               <ns16:description lang="lv">Neiepakots vai nefasēts, vairākas vienības</ns16:description>
               <ns16:description lang="mk">Неспакувано или распакувано, повеќекратни единици</ns16:description>
               <ns16:description lang="nl">Niet verpakt, diverse items</ns16:description>
               <ns16:description lang="no">Uemballert eller uinnpakket, flere enheter</ns16:description>
               <ns16:description lang="pt">Não embalado, nem condicionado, diversas unidades</ns16:description>
               <ns16:description lang="ro">marfuri neambalate si neconditionat</ns16:description>
               <ns16:description lang="sk">Nezabalené, neupravené, viacero jednotiek</ns16:description>
               <ns16:description lang="sl">Nepakirano ali razpakirano, več enot</ns16:description>
               <ns16:description lang="sr">Neupakovano, više jedinica</ns16:description>
               <ns16:description lang="tr">Kapsız veya ambalajlanmamış, çoklu birim</ns16:description>
               <ns16:description lang="uk">Не пакований чи не розфасований багатомісний вантаж</ns16:description>
            </ns13:LsdList>
         </ns12:RDEntry>
      </ns11:RDEntity>
   </ns0:RDEntityList>
</ns2:ExtractSearchReferenceDataRespMsg>
