<?xml version="1.0" encoding="utf-8"?>
<ns2:ExtractSearchReferenceDataRespMsg xsi:schemaLocation="" xmlns:ns0="http://xmlns.ec.eu/BusinessObjects/CSRD2/ReferenceDataExportBASServiceType/V3" xmlns:ns1="http://xmlns.ec.eu/BusinessObjects/CSRD2/MessageHeaderType/V2" xmlns:ns11="http://xmlns.ec.eu/BusinessObjects/CSRD2/RDEntityEntryListType/V3" xmlns:ns12="http://xmlns.ec.eu/BusinessObjects/CSRD2/RDEntityType/V3" xmlns:ns13="http://xmlns.ec.eu/BusinessObjects/CSRD2/RDEntryType/V3" xmlns:ns14="http://xmlns.ec.eu/BusinessObjects/CSRD2/RDStatusType/V3" xmlns:ns15="http://xmlns.ec.eu/BusinessObjects/CSRD2/RDValidityPeriodType/V2" xmlns:ns16="http://xmlns.ec.eu/BusinessObjects/CSRD2/LsdListType/V2" xmlns:ns3="http://xmlns.ec.eu/BusinessObjects/CSRD2/RDEntryAdvanceSearchType/V3" xmlns:ns4="http://xmlns.ec.eu/BusinessObjects/CSRD2/RDEntryAdvanceSearchCriterionListType/V3" xmlns:ns5="http://xmlns.ec.eu/BusinessObjects/CSRD2/RDEntryAdvanceSearchCriterionType/V3" xmlns:ns6="http://xmlns.ec.eu/BusinessObjects/CSRD2/RDBaseRestrictionType/V3" xmlns:ns10="http://xmlns.ec.eu/BusinessObjects/CSRD2/RDDescriptionType/V2" xmlns:ns2="http://xmlns.ec.eu/BusinessActivityService/CSRD2/IReferenceDataExportBAS/V3" xmlns:xsi="http://www.w3.org/2001/XMLSchema-instance">
   <ns0:RDEntityList>
      <ns11:RDEntity name="MessageTypeWithoutHeader">
         <ns12:RDEntry>
            <ns13:RDEntryStatus>
               <ns14:state>valid</ns14:state>
               <ns14:activeFrom>2022-10-19</ns14:activeFrom>
               <ns14:changeJustification>IM544145 (adding translation in french)</ns14:changeJustification>
            </ns13:RDEntryStatus>
            <ns13:dataItem name="MessageTypesCode">CD070C</ns13:dataItem>
            <ns13:LsdList>
               <ns16:description lang="en">Notification of System Unavailability to CD [C_UNA_COM]</ns16:description>
               <ns16:description lang="fr">Notification d'indisponibilité du système pour le DC [C_UNA_COM]</ns16:description>
               <ns16:description lang="sl">Obvestilo o nerazpoložljivosti sistema skupni domeni</ns16:description>
            </ns13:LsdList>
         </ns12:RDEntry>
         <ns12:RDEntry>
            <ns13:RDEntryStatus>
               <ns14:state>valid</ns14:state>
               <ns14:activeFrom>2022-10-19</ns14:activeFrom>
               <ns14:changeJustification>IM544145 (adding translation in french)</ns14:changeJustification>
            </ns13:RDEntryStatus>
            <ns13:dataItem name="MessageTypesCode">CD071C</ns13:dataItem>
            <ns13:LsdList>
               <ns16:description lang="en">Notification of System Unavailability to ND [C_UNA_NAT]</ns16:description>
               <ns16:description lang="fr">Notification d'indisponibilité du système pour le DN [C_UNA_NAT]</ns16:description>
               <ns16:description lang="sl">Obvestilo o nerazpoložljivosti sistema naciolni domeni</ns16:description>
            </ns13:LsdList>
         </ns12:RDEntry>
         <ns12:RDEntry>
            <ns13:RDEntryStatus>
               <ns14:state>valid</ns14:state>
               <ns14:activeFrom>2022-10-19</ns14:activeFrom>
               <ns14:changeJustification>IM544145 (adding translation in french)</ns14:changeJustification>
            </ns13:RDEntryStatus>
            <ns13:dataItem name="MessageTypesCode">CD411D</ns13:dataItem>
            <ns13:LsdList>
               <ns16:description lang="en">Sending of Statistics Data [C_STA_SND]</ns16:description>
               <ns16:description lang="fr">Envoi de données statistiques [C_STA_SND]</ns16:description>
               <ns16:description lang="sl">Pošiljanje statističnih podatkov</ns16:description>
            </ns13:LsdList>
         </ns12:RDEntry>
         <ns12:RDEntry>
            <ns13:RDEntryStatus>
               <ns14:state>valid</ns14:state>
               <ns14:activeFrom>2022-10-19</ns14:activeFrom>
               <ns14:changeJustification>IM544145 (adding translation in french)</ns14:changeJustification>
            </ns13:RDEntryStatus>
            <ns13:dataItem name="MessageTypesCode">CD912C</ns13:dataItem>
            <ns13:LsdList>
               <ns16:description lang="en">Availability Matrix [C_AVL_MTX]</ns16:description>
               <ns16:description lang="fr">Matrice de disponibilité [C_AVL_MTX]</ns16:description>
               <ns16:description lang="sl">Matrika razpoložljivosti</ns16:description>
            </ns13:LsdList>
         </ns12:RDEntry>
         <ns12:RDEntry>
            <ns13:RDEntryStatus>
               <ns14:state>valid</ns14:state>
               <ns14:activeFrom>2022-10-19</ns14:activeFrom>
               <ns14:changeJustification>IM544145 (adding translation in french)</ns14:changeJustification>
            </ns13:RDEntryStatus>
            <ns13:dataItem name="MessageTypesCode">CD971C</ns13:dataItem>
            <ns13:LsdList>
               <ns16:description lang="en">Full Unavailability Schedule [C_UNA_DAT]</ns16:description>
               <ns16:description lang="fr">Calendrier d'indisponibilité complet [C_UNA_DAT]</ns16:description>
               <ns16:description lang="sl">Čas nedelovanja sistema</ns16:description>
            </ns13:LsdList>
         </ns12:RDEntry>
      </ns11:RDEntity>
   </ns0:RDEntityList>
</ns2:ExtractSearchReferenceDataRespMsg>
